,A,B,C,D
2000-01-01,1.3451182625171836,-0.8734602313935681,-1.5511888312248792,2.018756937765949
2000-01-02,0.7760170082211216,-0.5110986872225611,-1.3677344424684181,3.405433968543563
2000-01-03,1.167429370246628,-0.8199399344137357,-1.576070983174996,2.6368346130457376
2000-01-04,1.5120085230995253,0.8106955839482037,0.9142284786949355,2.985098851685901
2000-01-05,1.1891893761362673,-0.7333058833818864,-0.3648574290149629,2.3466831276652016
2000-01-06,1.5277481768718988,-1.9898615928031949,0.012632102603849837,2.3948814991698333
2000-01-07,3.221614442914814,-1.8203719902814934,0.4851994930557799,3.3855928306285636
2000-01-08,2.699156077741659,-2.1249286491773782,-0.43856283798183027,4.0111865378865055
2000-01-09,3.449698536390592,-1.7756576274101536,-3.0964157571527564,1.9176253782267603
2000-01-10,2.661840432694437,-2.539845554197245,-4.006253410862722,2.0490609209380777
2000-01-11,4.223949050767225,-3.560283732959963,-3.7683181297034265,2.4630422396044525
2000-01-12,3.8208067158258787,-4.43886163514578,-4.14479517212466,1.3468190976441587
2000-01-13,2.3435004726502537,-5.07329827927164,-3.858336109736843,1.7843520228524306
2000-01-14,2.5545269626659497,-5.85979087655487,-3.704925687942858,2.55128212325325
2000-01-15,2.5356965309146275,-6.220132110925124,-3.2649617845347754,3.838224225217048
2000-01-16,1.659929037609678,-7.1973048117562834,-3.7991161853492637,3.2799962539522878
2000-01-17,0.14070463807005829,-9.410249495855087,-4.5551373656756,5.713875533679007
2000-01-18,-1.1880762332428565,-9.125569600604885,-3.400136664843415,6.006744818743141
2000-01-19,-1.6160393312212393,-10.224337586468941,-3.104356086697612,5.712154140793332
2000-01-20,-1.1290262423251376,-9.885406982212732,-2.3192871844324436,4.910787298640061
2000-01-21,-1.9087311177136925,-8.161178743613554,-2.319892553226035,5.701709658256553
2000-01-22,-2.262221274678998,-9.60497004189699,-1.3386855387132566,6.673759068143003
2000-01-23,-1.8433846054880516,-9.618518716813345,-1.8268448878807,5.987568283718643
2000-01-24,-2.8279654317886656,-9.806539707197784,-1.9740138375561158,6.949116045660149
2000-01-25,-1.420806677059197,-10.49426163102553,-1.7644428270263883,6.709290330733293
2000-01-26,-2.2497428280901417,-10.234083912084063,-2.148410509516923,5.8498242500319195
2000-01-27,-1.872300362189181,-10.85113040161249,-2.2043082022433276,6.462808078546517
2000-01-28,-2.663691525789465,-10.513684191163545,-1.1199424417380792,4.440775626297899
2000-01-29,-1.5166364135030548,-9.967893629881216,-0.32529673354367916,5.116243352483819
2000-01-30,-0.28310969241850303,-11.498496757604805,-0.40646922999867224,3.433899602657251
2000-01-31,-0.016423981169990276,-10.646763791947773,-1.4092359126679908,1.8582552462505983
2000-02-01,-0.18971506014550904,-10.587060733243694,-3.805903117288991,2.502881143781874
2000-02-02,1.4137061801966675,-10.894435471882254,-2.769360558525568,3.877617346223273
2000-02-03,1.3759823379178124,-10.901505391654709,-3.4261453526576937,4.861443463115804
2000-02-04,1.8666191573004576,-12.4415312472654,-3.7401615600648164,5.185243431083116
2000-02-05,0.49751935355788723,-12.495027595237314,-4.029222089236694,4.039479262993884
2000-02-06,-0.24100883589450828,-12.345319316220126,-5.183783388576037,3.1203322886297555
2000-02-07,0.4191833520215974,-11.546287885178627,-6.436955110061986,2.8070654117649916
2000-02-08,1.1765405006329175,-11.260257345214717,-5.147639946998614,3.4969684408317816
2000-02-09,1.0902664265870396,-9.75156626810799,-4.368630301649881,2.8393524486561246
2000-02-10,-1.2288493948432855,-10.952365745761782,-5.388355272244337,3.938408792369082
2000-02-11,-1.6998252846834938,-11.172122773956911,-5.190880692925841,2.330153047801356
2000-02-12,-1.8539108958941144,-10.642135793269663,-3.2800853268136994,2.447991323078943
2000-02-13,-1.8831549237872884,-10.726770668024319,-2.91567352686854,3.908072663174828
2000-02-14,0.1999295177874727,-12.691680415980338,-3.9999860296808256,5.294775730911341
2000-02-15,1.211406374880491,-13.075937381712507,-4.1965871654907065,6.7328747141293555
2000-02-16,3.0337832690281976,-12.544557427297645,-3.629153217389737,5.363364871712433
2000-02-17,3.278519488295873,-12.724776160536384,-4.321261234217733,3.9536759295957973
2000-02-18,3.306061078039761,-13.15114664495016,-5.078139096299074,4.431318832836785
2000-02-19,3.5139651680522177,-11.446880256843725,-4.573214728585173,3.787358521610588
2000-02-20,4.445726419842982,-10.927323035017528,-3.510533508144479,4.378213031085039
2000-02-21,4.261198440878963,-9.829998836740678,-3.9819825251506664,3.584549482004858
2000-02-22,5.528319238041848,-10.403556945902494,-4.04410956851039,2.7158323797459123
2000-02-23,6.866507624119501,-11.323663262425008,-3.7250809716805224,4.340337497154797
2000-02-24,6.638515927089916,-12.960075005273902,-5.984885385132417,4.307708190160135
2000-02-25,6.090934529563244,-14.602803813804805,-6.3985720748923605,4.847289176955712
2000-02-26,7.240497013060782,-13.780068919466473,-5.5782757703255434,5.090887860204495
2000-02-27,6.701949284271282,-12.208997463989872,-6.236269956336063,5.279885159389709
2000-02-28,6.02064565233733,-14.04597248566441,-7.517800905756807,4.944503851844563
2000-02-29,5.036897061466345,-12.511515949261138,-7.6498986401429185,7.812955604895992
2000-03-01,4.122831398668807,-11.99289776270041,-7.637594343005493,9.20176887812537
2000-03-02,5.795323520724131,-13.027857642253542,-7.816155502555841,9.853556141640794
2000-03-03,6.8861638805364445,-14.158727978177378,-8.393676335936032,9.614928477196495
2000-03-04,7.106251170443867,-14.013539807539205,-8.073199766968495,9.297858721712265
2000-03-05,6.935722361896355,-13.918763908182395,-8.51733964842511,9.752734514809932
2000-03-06,8.467170188225417,-14.67878338353377,-9.51752348628264,7.506454909712116
2000-03-07,9.661578111327604,-13.492949971858398,-8.999657893038124,6.6311684195323295
2000-03-08,10.044562586816536,-13.22108583460398,-9.307850655419198,7.500663931151518
2000-03-09,9.471490656640128,-15.55131161017966,-9.2965685632004,5.640099616414075
2000-03-10,8.91423044694195,-15.182865777598488,-8.986270494236303,5.224452461845416
2000-03-11,7.016364602880021,-14.385077640457073,-9.282680505897906,5.230756568175195
2000-03-12,4.764298920617376,-14.527710019378814,-8.48569560196414,5.84107324182585
2000-03-13,4.1379072605722484,-14.932488892890893,-8.59718872835509,5.286003076670321
2000-03-14,3.6094492339632676,-14.157879365794964,-7.75648490569327,5.553784736221768
2000-03-15,4.791927947098076,-14.813541398100659,-6.687720024786221,5.157772404443749
2000-03-16,5.427001523698895,-16.935657802791752,-6.889527014263609,5.876733724356261
2000-03-17,4.3818993047787576,-16.01261208544748,-8.223912038278804,7.822565436582745
2000-03-18,4.037864810480738,-15.046484176106818,-7.0712513389027585,7.25119501224857
2000-03-19,5.137914984716516,-15.62867332956331,-6.6108194713977335,8.476776684544614
2000-03-20,5.641232824278933,-14.701853577380895,-6.367646242045838,9.555490054903649
2000-03-21,5.334492525485866,-14.369156014471322,-4.588819907571072,10.200036999144338
2000-03-22,4.685096694723637,-14.504997956333973,-4.721775533552635,9.571611801225735
2000-03-23,5.125171004315995,-14.46282093281017,-6.18005642895318,9.937239267687305
2000-03-24,5.694679436436135,-15.132341536762246,-6.682438311719099,11.790033305259461
2000-03-25,4.555751451014754,-15.374700540653478,-4.51752663194878,12.449220438325792
2000-03-26,4.567941724173723,-13.929375767500805,-2.8120547867184715,12.853298607542351
2000-03-27,5.19596168480997,-12.728805659049767,-1.5357853178773944,12.898605989249862
2000-03-28,4.56485672379001,-12.4389069423323,-2.4746816588262046,11.660738378634193
2000-03-29,3.9387399385852158,-11.616569374985204,-1.83130584697401,10.28300844145011
2000-03-30,5.971058838278663,-11.689959057753759,-1.8351967166745533,10.29276830061983
2000-03-31,5.729052787839344,-11.383448073452119,-1.6769972842638672,10.255652640564227
2000-04-01,5.683914334782365,-11.179955026299838,-0.23954168781118335,10.883100751598008
2000-04-02,5.964453341365484,-12.558825362609335,-2.5586158567053365,8.961653354333054
2000-04-03,7.771680558750486,-13.048680238065941,-4.3144416763337095,9.78517275684168
2000-04-04,7.072023478919304,-14.64603540383734,-4.071750022065942,9.35388002659404
2000-04-05,7.434345488276326,-13.769868140706532,-4.041310182674752,8.076071384838139
2000-04-06,6.732817741436777,-12.08777256340959,-4.307923408800553,5.726192265977934
2000-04-07,6.013395209187965,-10.871064545763462,-4.403871729269599,5.711202907284883
2000-04-08,6.739877461370931,-9.329373669898192,-4.813020381127616,6.700097072342994
2000-04-09,7.170896779926644,-10.830749853745525,-4.368763348028788,8.687952794267682
2000-04-10,8.623761353752336,-11.171728462723802,-5.270119653258561,8.018461561442283
2000-04-11,8.040962028461227,-11.978306856623368,-6.20774178510778,8.961220111346732
2000-04-12,7.1577654598994656,-13.463504227977118,-7.790769794084431,9.52814674420397
2000-04-13,8.37964005620615,-13.733372346739877,-9.026136758579803,9.538985546283115
2000-04-14,7.35661831090798,-13.314346528958328,-8.146378349660855,8.978351426757628
2000-04-15,7.746078875102675,-13.257775735572382,-6.641725932303074,10.277506604645211
2000-04-16,7.322871680359254,-14.017973658848346,-5.276735325244836,9.166788898225521
2000-04-17,8.374399289223106,-14.612615759956824,-6.480369471823342,8.059875033858248
2000-04-18,10.415349501182517,-14.812458747502165,-7.1142418673090555,8.061771697325769
2000-04-19,10.720848152036067,-13.744656038297338,-6.90865543093756,8.572598219150617
2000-04-20,10.7655919884605,-13.475578238942592,-4.9142392621007165,6.901060747536054
2000-04-21,10.099706470989137,-12.404132081732454,-5.549594066570383,6.316062052677414
2000-04-22,8.885548092445013,-12.230868096528113,-4.769466217704622,5.501209463537092
2000-04-23,9.318373786368102,-12.487184629965537,-5.215689906610333,8.062951780298775
2000-04-24,9.80218263806675,-11.423035245780113,-4.529868697383646,9.457194511833606
2000-04-25,10.242506645359578,-10.611175987125288,-4.579042055287755,9.685222274634786
2000-04-26,11.75041679803594,-8.8722509120111,-5.699038835469802,9.565128733983677
2000-04-27,11.007822607496767,-8.836273429050243,-6.014398327605394,10.433549867490214
2000-04-28,11.320469594152893,-7.209722851940244,-4.832898108248388,12.061541343542686
2000-04-29,12.825011668751737,-6.43654424665357,-4.936093462486357,10.915779157881513
2000-04-30,14.872010015986007,-6.24777820737876,-3.8089020310560184,12.313375653299024
2000-05-01,13.000181780351573,-5.890726911991847,-3.781758758467421,12.794653714761163
2000-05-02,14.621466358724627,-5.4889440719427895,-2.1694520942291815,12.307702856691007
2000-05-03,14.645250342409483,-4.378253818569801,-4.057559528043944,13.736230277035267
2000-05-04,14.95180407571334,-3.119668860422188,-4.083906282819581,14.192442186371327
2000-05-05,15.558484887774824,-4.527655373362585,-5.893616036337983,13.256376667869933
2000-05-06,17.70488373338737,-4.686328254173783,-4.988293789542142,12.60113421696344
2000-05-07,19.408693797511717,-5.45263406577796,-5.771850166480421,12.85020956288505
2000-05-08,19.726642864352364,-6.0223981606315915,-5.79173729388013,14.670549808691671
2000-05-09,20.141405700188763,-5.460752608585189,-5.078900786636167,14.884708646090266
2000-05-10,19.26283684498078,-4.164505091495634,-5.491822035848367,16.28267972249304
2000-05-11,22.193145944337427,-4.411356939505171,-6.313166966094776,16.701452976130756
2000-05-12,21.7498303665498,-4.3308645367994645,-6.3879006599672055,15.622782832880535
2000-05-13,22.350638864290143,-3.6827440266933187,-7.095685638789611,15.266491906478226
2000-05-14,23.11234611514442,-4.6372851879279295,-7.865535460327,15.107635895333035
2000-05-15,21.092961759234022,-2.487944758807795,-7.116470934341729,15.701588342690746
2000-05-16,20.95210124731878,-0.6868996066717608,-6.584807031773128,15.266867921211208
2000-05-17,21.314251777960212,-3.6488412312773653,-6.937572260746228,16.515781536038254
2000-05-18,19.910262856971844,-2.539170935787264,-7.754587496854698,17.092921764010626
2000-05-19,20.067967475197914,-3.505765028148356,-8.23776229795136,17.70436064469144
2000-05-20,19.883893272443178,-3.5077364180308495,-5.425463041594839,16.507025711528893
2000-05-21,19.31986146165271,-4.673402620837955,-5.509723238831934,15.813922588352641
2000-05-22,19.376576294841424,-4.916475535563247,-3.8422823158291552,14.024518407189621
2000-05-23,17.034683786711067,-5.344108648732773,-5.738154623070711,13.270103023296652
2000-05-24,16.111719606844623,-5.267237825693441,-6.187868869208906,13.92864589042889
2000-05-25,15.432586017056817,-5.720625977930934,-6.470618514662048,14.734044924425321
2000-05-26,16.75431861030381,-5.459079053955689,-8.385196853446962,13.860559175761985
2000-05-27,16.23444061761974,-5.101883591888321,-7.735758592874042,14.668112998647166
2000-05-28,15.708563790228245,-5.368137447950076,-9.311224623730972,16.207664572408493
2000-05-29,16.019427460358116,-3.960384628741509,-9.647612717089162,14.694381004548767
2000-05-30,15.141829877473524,-3.8162067966567146,-9.253030331984535,14.624764810988824
2000-05-31,16.26907759610816,-5.03593609322783,-7.994476339575241,16.352174805951332
2000-06-01,16.038268528147302,-5.411255190996917,-9.381181244896972,17.375254501501992
2000-06-02,17.805921075866443,-4.71633737102571,-9.323351101068273,16.878280301016957
2000-06-03,15.655783138822708,-5.159484964176558,-7.697384203963313,16.230257559273035
2000-06-04,15.383751221959068,-6.38243273744633,-8.310549524956903,16.13356924271789
2000-06-05,17.267399580726796,-7.661691338807085,-9.339243314522836,15.998882038046652
2000-06-06,15.40490869048776,-6.517479890037406,-7.738254570320219,16.69113882735711
2000-06-07,15.007731523842837,-8.788149142342533,-9.725249576416907,18.265748216021578
2000-06-08,14.676995584514122,-9.451171754082562,-9.2700495974072,17.57662101257683
2000-06-09,15.873898118832729,-9.048789064399527,-8.929347630447017,17.679731475214247
2000-06-10,14.85653096457727,-9.131387097823662,-10.625175585636747,18.504681151062837
2000-06-11,14.892230664824703,-9.90314463747284,-11.63083170267347,17.22464371738971
2000-06-12,14.452023658547851,-9.702910885067993,-11.348570799264884,17.45613143002311
2000-06-13,15.167282514529273,-10.826755400741511,-11.766239867239,16.747089096006277
2000-06-14,13.973945239642614,-9.882517583211339,-11.738657502745738,16.868668514496544
2000-06-15,15.44825397686132,-10.019264595503422,-10.32107642789393,17.507649186320418
2000-06-16,14.605986836918136,-8.816226867706446,-8.905018185815699,18.037397240611426
2000-06-17,14.493094601062618,-9.020387314678603,-8.553209769741544,18.467918403887445
2000-06-18,13.549764462428382,-8.340150084938786,-8.931994849161924,19.20974074549107
2000-06-19,13.230205476622933,-6.722088686393093,-8.200777285613562,22.27990555529279
2000-06-20,12.407860370345858,-6.876005123046662,-6.558593091006824,21.541348783781803
2000-06-21,13.441461855163547,-7.6471761339769095,-4.392220891472798,20.933826531659097
2000-06-22,13.186459402070662,-9.499252694191938,-3.976018294083145,20.56330001545327
2000-06-23,12.425314107021654,-11.51551262120149,-4.087741183882579,19.33316379992332
2000-06-24,10.591601081564962,-12.27614694815898,-4.3057304736574205,19.81765531845332
2000-06-25,10.148198779251796,-12.086903969645125,-5.678727702458485,18.764260942811788
2000-06-26,10.280152498266377,-12.972332116832298,-7.171964769540519,18.659132280846602
2000-06-27,11.301384911545174,-13.619514366983436,-8.013947377531117,17.550701888880795
2000-06-28,12.331361915581768,-13.112399168283677,-8.59996899365735,17.05690305684827
2000-06-29,12.378741359941296,-13.777621167467604,-7.028293395812534,18.035529836852984
2000-06-30,11.859685538107012,-14.820507464081128,-9.289341546434166,17.83190455716887
2000-07-01,12.256872105231643,-13.654855521053953,-8.917717975214742,17.410515198418278
2000-07-02,11.133957032672493,-12.108391486894924,-8.67327983211455,16.985653864195882
2000-07-03,11.22308771034412,-12.34640750664851,-11.25679345786622,16.97653385731038
2000-07-04,11.641742456738145,-11.93534913665739,-11.221658492231736,17.028330856525507
2000-07-05,11.832594346870513,-11.602319783172305,-11.676384736804364,17.829593123285818
2000-07-06,11.0064014065774,-12.415251193775335,-13.277167679345935,17.51745735421835
2000-07-07,12.800977036635214,-10.811653296973025,-10.325493061890901,17.537119999100685
2000-07-08,13.949743741936684,-12.244834963778084,-8.346363129506623,17.881197740198342
2000-07-09,14.074195142574194,-11.926240455683066,-9.071123319608787,18.345125509457027
2000-07-10,14.15892666864996,-11.348107335644485,-8.55801583062778,19.42335377924771
2000-07-11,12.999194697042528,-12.647326986779047,-8.189313887344449,19.563144754611933
2000-07-12,12.520120316157808,-12.832227301271686,-7.650224698153156,19.150850902804233
2000-07-13,13.692572681180545,-13.605856357577808,-9.231461919425868,18.354848740272796
2000-07-14,13.776765688019637,-12.005921356229871,-7.695028274992922,17.420699086771393
2000-07-15,13.21468092879438,-12.097786205495668,-6.625228668571875,16.140678026400685
2000-07-16,13.365402572471119,-11.877759045627133,-8.22596156329677,15.961835852933156
2000-07-17,13.228748448753471,-12.497493568769254,-7.973353778271277,16.207111104641548
2000-07-18,15.6222928433065,-13.059435387844253,-7.514674373846175,16.986591772685056
2000-07-19,15.161428230524361,-12.776496273949135,-7.3744814832794185,16.432608921707914
2000-07-20,14.910512160055564,-12.831507837183233,-8.855078467428255,17.49226505582324
2000-07-21,17.49898423808535,-12.272140167105436,-10.070895655831508,16.54427136666633
2000-07-22,16.730349927773897,-12.342399193599318,-10.32530719869268,15.181187383071334
2000-07-23,15.651644541346542,-11.397932986801646,-9.822870754773225,15.596446668740235
2000-07-24,14.464753976921067,-10.23139348186298,-10.334979590087045,16.371964690255975
2000-07-25,14.412591568264176,-10.451068894397928,-10.659124004530863,16.992185873230383
2000-07-26,14.143434254445799,-9.06353053692937,-10.703776272335434,18.346689897232334
2000-07-27,14.920667316077555,-8.618605798547824,-10.499191116400263,17.39787468156877
2000-07-28,13.264723846111133,-9.598757681981667,-12.146433897384277,16.20477563470202
2000-07-29,11.773387524628134,-8.340082057291905,-11.28687249034373,14.960485769319362
2000-07-30,13.041395624445428,-7.89771367092749,-12.846510196654023,15.467483484021654
2000-07-31,13.943174228501803,-7.400823523834764,-12.611741226779461,16.21207935231285
2000-08-01,13.899216105111872,-8.70678614990727,-13.449067275534924,14.725235065225563
2000-08-02,14.886585376224637,-9.183039478017005,-13.388713646134828,14.173785285207602
2000-08-03,13.966022961373305,-9.894115032387905,-14.028396227904242,14.737626783182392
2000-08-04,15.558341365015277,-9.975764427122131,-14.209197832981944,15.032115411189379
2000-08-05,15.13470450086494,-10.696071016501115,-15.922913662520436,16.51103190649126
2000-08-06,14.341681924254702,-10.643866113754783,-14.60447436608331,17.163299980282776
2000-08-07,15.613678740333379,-10.08906791658254,-14.51157244574328,18.019545734891825
2000-08-08,17.0021586970764,-9.031973268215586,-13.51027586658611,17.447985036139414
2000-08-09,16.976080631579016,-8.116478554380107,-12.490865164498118,19.00119332496003
2000-08-10,16.4293194573467,-8.995794287594105,-14.450782713045394,19.405038206579306
2000-08-11,14.272238991587965,-8.603838054932435,-16.2452053975794,20.209067532546637
2000-08-12,13.417764538051333,-8.411940764002003,-17.78360491389409,18.90279086178613
2000-08-13,12.41240924551261,-8.941262300387601,-18.32669971076296,19.933188788194883
2000-08-14,13.324376031712031,-8.1926900436637,-16.822948128864066,19.370179664029727
2000-08-15,12.782426761059376,-8.161532981506438,-15.416912955158868,20.137708961135438
2000-08-16,12.807565595423648,-9.098699352164717,-18.5383126688007,22.617861555827503
2000-08-17,12.631191071908288,-10.24185458195149,-17.083501985396243,21.239350793921822
2000-08-18,12.360617827275828,-11.254603152785556,-17.312239918292654,22.353613111427453
2000-08-19,11.983193268770979,-11.068529086604697,-17.51645977569978,21.56546598547229
2000-08-20,12.314590838047796,-11.18789942315923,-18.005027705274898,21.05392482600403
2000-08-21,12.664200753785806,-12.031742701599214,-17.431991365036623,20.52337155093378
2000-08-22,10.880543199924222,-13.173421120136679,-17.785151933802318,19.708712228426233
2000-08-23,10.35759618564879,-15.107048432877164,-17.389204834745414,17.797445087820904
2000-08-24,10.563199571414607,-15.307145056406528,-17.960198880027402,18.977195975755325
2000-08-25,10.681855767522505,-13.05422060617192,-16.388709051593448,16.929069500240807
2000-08-26,11.406579434912198,-11.844235709068116,-17.532091304459097,17.065315516891843
2000-08-27,11.292493651209863,-11.839345204433831,-17.40318163889271,16.15746816390412
2000-08-28,11.421887300597461,-10.86184345464966,-17.482713597492268,15.720257189767933
2000-08-29,10.693379428521746,-11.507756607238058,-19.066837940720585,14.166159830280428
2000-08-30,9.419908502899858,-10.768919567843845,-19.14738625479827,15.2346946990266
2000-08-31,10.330476218081165,-10.62220780750416,-17.93352002650228,14.757381047077127
2000-09-01,10.897288472314708,-8.236590886789564,-18.392832352927382,16.449256463289178
2000-09-02,10.893378153319738,-9.1643589386019,-17.666909440955767,15.79197538958904
2000-09-03,12.893875109579415,-9.626684271812005,-16.099886186896292,14.624317735967086
2000-09-04,12.955442436848841,-12.11739117995884,-15.879841385811979,14.039863592088807
2000-09-05,13.211197194059556,-11.945767089152783,-15.976709026846393,15.760462241232917
2000-09-06,14.185664518033635,-11.237475679553052,-16.586650703553598,16.065497376082266
2000-09-07,13.687794741433429,-10.845981031048025,-17.525312606924217,17.11009982228919
2000-09-08,12.257302220296463,-10.134366274404357,-16.085011741614405,17.24614106757328
2000-09-09,10.312955146319862,-11.27900316432746,-16.30933285842434,16.4918353563632
2000-09-10,10.31190381594979,-10.58336960273934,-15.244881847966159,17.075583045953202
2000-09-11,11.987335764865199,-9.894709380862475,-14.46817582263043,17.267089279006626
2000-09-12,11.52835679520007,-10.18730892546635,-14.846825319345454,17.2816210172813
2000-09-13,10.930512765895354,-11.798213633913658,-15.056642163153292,16.98835887389666
2000-09-14,12.440738630460803,-12.821466665063005,-14.649023741295592,17.07031714681613
2000-09-15,11.358665682675866,-13.100313790667043,-12.847084824353503,16.549887186172715
2000-09-16,12.62702940693865,-12.423740712418313,-11.484310650429876,19.05606730970937
2000-09-17,12.22556512876007,-13.71684294569038,-10.98827870782157,19.383120235256154
2000-09-18,10.637302497186337,-14.297107522258242,-12.285955022952008,21.440345931041602
2000-09-19,10.914232841739787,-15.084161943722064,-11.189975992756123,19.264272903950232
2000-09-20,11.789315042695872,-15.268303774896383,-11.086773422669829,19.972282436078295
2000-09-21,10.887189395971411,-13.385379642110404,-12.553405865159085,19.29632664352766
2000-09-22,10.847965228106682,-13.986336135230296,-13.659039814834003,18.16994106176922
2000-09-23,11.838339469561248,-14.841481275498401,-14.099919107288839,19.239990214734856
2000-09-24,12.475089168411593,-13.852291017095919,-14.22918462998453,19.97766841154726
2000-09-25,13.960296004372427,-14.115549850689453,-14.698091382123538,20.531934167134175
2000-09-26,14.826951138010932,-14.32635790553483,-15.074663642883106,20.655978374865125
2000-09-27,15.21411535055099,-13.651657317600796,-16.472552934641644,20.8161699654101
2000-09-28,13.638365598514778,-12.707502267413364,-15.0557584585549,20.117750210886275
2000-09-29,13.418528525870375,-12.593943784700944,-14.56554411553559,19.63974335293767
2000-09-30,14.82381527086139,-11.959454125116341,-15.372649424654433,20.302434865761526
2000-10-01,15.109908888563787,-11.39057982255289,-14.917537514334738,21.189788191076687
2000-10-02,14.692581793517205,-11.489924825633981,-14.860398607033023,20.163013852288923
2000-10-03,15.330298768838924,-12.049018393229868,-14.635891381105013,20.408628701875443
2000-10-04,17.187345296337597,-11.899668606245255,-14.666996083895924,20.748398747086434
2000-10-05,18.653690792918447,-12.483205450566919,-14.899970133239448,17.095115684998824
2000-10-06,18.822588892600688,-11.851165218313158,-16.47100664473626,17.203499005185424
2000-10-07,18.617762386344335,-12.145167098103851,-16.69929287024788,16.986101574044522
2000-10-08,17.278822706469583,-15.001740684515877,-18.543568328249183,17.024844016584403
2000-10-09,17.19695056833392,-15.710138085274181,-17.622507285118093,16.116342945137845
2000-10-10,17.179809565793704,-14.729627714913367,-17.409696807794717,17.03385063601768
2000-10-11,16.779639858574836,-15.661602921307875,-18.59571953452263,17.874774912404288
2000-10-12,16.199663803236703,-17.724590870366388,-18.807682271175878,18.647179680101377
2000-10-13,16.066914078002906,-18.223314887723795,-17.58506931905596,20.574083920379966
2000-10-14,15.615477770451408,-18.674289213086507,-17.257791375485784,21.08276751020396
2000-10-15,15.325607645631209,-18.460252929320358,-15.988468106841466,23.143561231118504
2000-10-16,15.23431169705531,-17.782295168849988,-14.711572795756128,24.124496947867474
2000-10-17,14.960388953286126,-18.271226294576696,-15.004082692544191,26.18095342124174
2000-10-18,14.554429472295734,-18.459514809346334,-14.632157952131418,27.294660940329116
2000-10-19,14.638280089834653,-16.30251906168572,-13.643101988774234,25.05303263081844
2000-10-20,13.267113317582233,-17.62073137286496,-14.625259410247706,27.632237054236022
2000-10-21,14.407053867819652,-18.79237792846022,-16.700140347001323,28.166756158829298
2000-10-22,14.519817077417219,-19.872691080102918,-15.577337455693677,30.307425535138755
2000-10-23,15.525225953817998,-20.348079805507417,-16.526147316793477,31.44062744216314
2000-10-24,14.124064741273855,-21.474519922894675,-16.658006338174044,33.60365324918532
2000-10-25,14.378819831441666,-21.41748479532348,-15.623526694538164,32.27058452484217
2000-10-26,12.795136090419376,-20.559496619712082,-17.55964159799328,32.26805521566039
2000-10-27,12.831887696558704,-21.18392911131423,-15.24236053221039,32.163128476515496
2000-10-28,12.727856288003132,-21.292834259742303,-14.997382885493732,31.78490571006763
2000-10-29,11.875435460383162,-19.962957645875825,-16.7215661657149,31.979185764129834
2000-10-30,12.011725754086408,-20.52787829398106,-14.974081227653691,30.874485746464387
2000-10-31,11.553452364883427,-22.115404642767604,-14.689549154554605,29.79443274685267
2000-11-01,12.652480261056478,-22.450064235695123,-15.139384937329178,29.1907557669212
2000-11-02,12.063991481371811,-22.012462747483255,-14.721077550844644,28.402909130496802
2000-11-03,12.86757155135131,-22.567110225204168,-13.728787943718777,28.51620890011515
2000-11-04,12.543454908132823,-21.871023086862092,-13.53360708833421,28.401536600544034
2000-11-05,12.556423202070313,-21.73954452686696,-14.208644381752903,29.94304978681815
2000-11-06,12.196682231116903,-23.013620417034147,-14.930228552497281,31.475099400956577
2000-11-07,11.287158695473758,-22.757434987876472,-14.405870255253701,31.119296437280063
2000-11-08,9.578745858352221,-22.879790162346364,-15.615967953001723,32.65671342854047
2000-11-09,10.514166822443144,-24.277482526529386,-16.379839670291638,31.987457885400676
2000-11-10,10.016063308753122,-25.631379415758524,-16.608987311580247,32.99183829312889
2000-11-11,8.208110454601355,-25.03719213329664,-16.71492706675602,32.90362615974022
2000-11-12,8.051931403917552,-24.274479241209455,-16.24398964539343,33.767612672958506
2000-11-13,8.033311465279672,-24.33702603168764,-14.836912517836527,32.91424567489768
2000-11-14,7.859731120817248,-24.936468639558118,-15.029016444461574,31.573335287244106
2000-11-15,5.987747219913437,-24.94689197714867,-15.962261789773535,31.49265857969135
2000-11-16,5.672311015557055,-25.11573671713393,-15.77339826614914,28.956102298111656
2000-11-17,4.809915043217343,-26.076864826574333,-13.880196997068431,29.095725264476894
2000-11-18,5.544900720870061,-27.044614437477264,-13.302912443276446,30.002980633321346
2000-11-19,4.768265608965121,-28.291078038335474,-13.705167481384317,30.27913836432008
2000-11-20,4.225399081353573,-28.12947627589515,-13.366838700061033,30.67275950861934
2000-11-21,4.446756058005858,-27.587155579622266,-14.191453619239265,30.23891747044415
2000-11-22,5.169741254061224,-27.389384910212435,-14.149275632450614,29.65451401402042
2000-11-23,4.539970615427614,-29.01234555697825,-15.928418491317533,29.408644505430683
2000-11-24,3.1420104980612154,-29.457780666767306,-14.471969072535272,28.902214830104953
2000-11-25,4.424255178878306,-30.681898207875577,-15.040892260649358,28.52480224376063
2000-11-26,6.2150455979586585,-32.07391696400315,-16.29531358677195,29.14321650713699
2000-11-27,6.411769633769624,-32.14624096955687,-16.071352396286915,28.111651751673953
2000-11-28,7.027676462951284,-31.90097939614824,-17.348626990688288,28.644900435487223
2000-11-29,7.284077240586669,-31.675526299131793,-18.328821163942354,25.410039113980858
2000-11-30,6.698728188740956,-31.70978244178003,-19.284283365396234,25.243754643512627
2000-12-01,6.630581774260439,-31.429001372340963,-17.343769740022243,25.90940466152793
2000-12-02,6.855858835399943,-30.694408084931464,-15.49665915817202,25.11951054229954
2000-12-03,6.314983242288448,-30.16739366490283,-16.769400346226707,23.813021675202375
2000-12-04,7.472005037597071,-28.6423388822134,-18.047478516565047,23.717321092027206
2000-12-05,6.849433031189486,-28.38578978648875,-19.515237765971328,24.388215058147445
2000-12-06,5.92799240639277,-28.241335175725187,-20.62223147540317,25.32854318121612
2000-12-07,3.6373342216288225,-27.885363466236324,-21.329036800689998,26.82707776807813
2000-12-08,4.152949839546584,-27.03291352989729,-20.184438048071044,28.187449339690644
2000-12-09,4.105109186362161,-26.107067856013437,-19.064465580732627,26.04392008312307
2000-12-10,4.75821795163205,-25.333911820756317,-18.203295578441793,24.85487179432809
2000-12-11,4.54806963234187,-26.658055452278678,-16.040891444181575,23.326580943989597
2000-12-12,5.653527168627056,-26.6023475648273,-15.101256500985443,23.186964457814536
2000-12-13,5.293411908263489,-22.772826048075324,-15.399715351072151,24.389864826833048
2000-12-14,4.745859102173621,-23.55584989622089,-14.079399129917508,23.773884347398067
2000-12-15,6.024347229245395,-25.593310962261825,-14.181594757956194,23.647262846132843
2000-12-16,6.0184887990861,-26.53389603425404,-13.04891159494917,22.500801430369023
2000-12-17,5.557771406709931,-25.704870781860414,-12.29733627136088,24.279200791770833
2000-12-18,4.174346568667143,-24.92163772299823,-13.067351015894237,24.49418198447551
2000-12-19,4.583846915300977,-25.53837005447041,-11.863524687759107,25.301266972379956
2000-12-20,4.5958334336931195,-25.301820321141207,-10.780788924707263,25.885393590108045
2000-12-21,3.8108978108948137,-25.661444574373306,-11.508438440026364,25.85141348263096
2000-12-22,4.6276279830864135,-26.771921384264942,-13.036012739372987,25.519521186390424
2000-12-23,4.807933519905943,-26.242908052933156,-11.950877494244962,25.576580572885
2000-12-24,3.878213501638508,-26.39494791708113,-12.321074385102941,24.68158520262678
2000-12-25,2.973822001454379,-26.44203014567572,-11.326689087981075,25.057920529043795
2000-12-26,4.050608109965356,-26.024801778675272,-10.158743039673503,25.08998594039054
2000-12-27,5.064637241781464,-26.740075139232847,-9.928491993688304,25.767668943656894
2000-12-28,3.5851702326207953,-27.06977554797373,-10.437447992856034,26.48086106455204
2000-12-29,4.728428755682101,-26.97786529775053,-11.902698868535603,27.0992172495723
2000-12-30,4.147421951819678,-28.45215325817411,-11.827112205163587,27.0965345751776
2000-12-31,2.773719735534942,-28.573777909524537,-11.585012082914583,26.13711472865981
2001-01-01,1.7644234465713955,-30.11684537997972,-12.415033457094335,24.83760040170215
2001-01-02,2.282130946154335,-29.3004370965862,-14.052814815588851,24.096350809884765
2001-01-03,3.8513764770840053,-28.803858208880854,-15.346208200442927,24.313796167367205
2001-01-04,4.0129826750109165,-28.718280161734775,-13.994582387433153,24.808277794918833
2001-01-05,3.972404147109135,-28.81342745798113,-13.462536373494329,25.89476471433901
2001-01-06,4.484164560239243,-28.695758945653182,-12.39215562448753,25.739657020104566
2001-01-07,5.011426313692875,-30.01529090213324,-12.17700916589312,24.511408019181893
2001-01-08,5.31930060951737,-30.18777683283633,-10.859304149886885,24.272259579472898
2001-01-09,4.894014967678511,-29.925522297981097,-9.911204542266951,24.0690496590739
2001-01-10,3.9802636764662127,-31.171730971632115,-9.584202222316344,25.363133815808535
2001-01-11,3.930692528475189,-30.236682763434796,-9.875986624253356,25.612245537483375
2001-01-12,4.851002304193594,-28.161612825241104,-8.833702180108233,25.413598683175064
2001-01-13,5.929126091515396,-29.225352223368404,-8.025611355912247,25.218592896210232
2001-01-14,5.62196393258813,-31.119102124680524,-9.363245643741761,25.55278430775647
2001-01-15,5.797533455165023,-33.16946895568892,-6.5837469816102505,23.831369930726794
2001-01-16,5.784686060187459,-32.55071014313264,-6.2101623649061555,22.57181815051135
2001-01-17,4.929912560423288,-33.88492429088318,-5.890545063538665,22.80810279128009
2001-01-18,5.446467295696558,-34.27614125314279,-4.607732185549837,23.788240055508506
2001-01-19,4.999467585786858,-34.137215563237085,-4.615983312731176,24.015599477389955
2001-01-20,3.9963543141713878,-34.37764297563833,-3.83898909225086,24.924655321533194
2001-01-21,4.177909321976993,-35.22958610040534,-2.855717297170735,25.502351364548357
2001-01-22,4.113224846391287,-36.79693504016475,-1.1627665556204023,26.274244203827095
2001-01-23,4.015565671466559,-36.25793906656987,-0.09650888644739242,27.872688814764103
2001-01-24,3.017936165358698,-37.0938198565587,0.2527201322079211,28.41375344110714
2001-01-25,3.877444723627699,-37.4228865496116,-0.39576444465799365,28.503283163497027
2001-01-26,5.227430977789981,-37.95320560760135,-0.8341326231597009,26.802799267986238
2001-01-27,6.490830004424062,-38.48678934036193,-0.8020148918688045,27.54060681013522
2001-01-28,6.420155353731726,-36.96700121659918,1.2750288347275083,26.675739837560293
2001-01-29,6.618691281654913,-37.08187532621619,1.5755377415628962,26.502583821763015
2001-01-30,6.7119661040356196,-36.584173726985654,0.6988684656479467,26.62966143343874
2001-01-31,4.166465061738073,-36.57167694361998,3.282765471862259,27.8009294112455
2001-02-01,3.6889024182146137,-38.73027502937578,3.314496999653112,27.891417968339884
2001-02-02,3.7476907219903786,-38.103136115771136,4.31353165119244,27.001413553616043
2001-02-03,2.0287587618009493,-37.08299092546408,5.984927571659379,26.261874838530822
2001-02-04,1.9400635925034746,-38.263947626475534,8.295716180397584,25.60308127708172
2001-02-05,2.4485388651818267,-37.96142876683019,7.401355143563316,24.676524501843044
2001-02-06,1.513035004397954,-39.48526286287497,9.455983157739823,23.09702059827511
2001-02-07,1.9201254645267944,-39.48302635125086,8.923281907372614,22.499963479934355
2001-02-08,2.016886845913309,-37.530765791602164,9.687492887755582,22.546449265969713
2001-02-09,-0.5303924765905634,-36.60929925749501,11.167784927536779,22.32905786380615
2001-02-10,-1.7058370558718983,-36.71633650915128,11.909264635489665,22.60122112342778
2001-02-11,-1.9219593566768804,-35.520518699909644,11.975154222939121,22.537410794845425
2001-02-12,-2.4271899697673613,-34.22695549166867,12.178232575070943,21.71876971147725
2001-02-13,-1.1711154203369891,-34.421638542343274,12.682078717178756,19.557878399675918
2001-02-14,-0.3873284053750575,-35.08094132806976,11.90313254749637,20.201612696809907
2001-02-15,0.693015843402982,-35.87381307229148,10.38304895922746,18.86872848365044
2001-02-16,1.563527541338551,-34.711894286979906,9.77072351182261,19.646765814899084
2001-02-17,0.9642033148680303,-35.07035016286714,9.713868933915071,20.816423803103195
2001-02-18,-0.69021044884331,-34.60784984534651,8.109621979012484,20.51649707456072
2001-02-19,-1.2284980933452696,-34.60107441707288,6.80086234555284,20.187010111508272
2001-02-20,-2.9625853722599724,-34.46082523155208,7.154016068031498,19.152422524967783
2001-02-21,-3.3286113503100885,-34.451047062048694,7.167526935203006,19.983805840297315
2001-02-22,-4.217692879816363,-33.12357404949303,8.146541949565194,20.970790150682543
2001-02-23,-4.783662796375134,-31.909476701864378,9.735352723494348,21.22841023015256
2001-02-24,-4.39290072419086,-30.62378973064614,10.851807939000869,21.48400981383781
2001-02-25,-2.85056091675318,-29.664172769723972,10.429294953334978,22.01921775907992
2001-02-26,-3.660542143312221,-29.403830910247365,10.654073126066905,21.467270344500108
2001-02-27,-2.4299642517432947,-29.39300945967025,10.670636470089281,20.730367604753408
2001-02-28,-2.5411974972836537,-29.523388300182138,8.734082887597705,20.5854612556689
2001-03-01,-3.1405479190461763,-28.574213851077975,8.233124892736837,20.834628927159187
2001-03-02,-3.3822537360867453,-29.31405404487343,9.405945992704734,21.536582964651746
2001-03-03,-4.689862287802801,-28.384492718049984,9.128792240527563,21.2975536030617
2001-03-04,-5.037906361747686,-28.637492560686848,9.607452768979547,20.05137848744429
2001-03-05,-5.330318664000554,-28.05769754148887,10.775475744090212,19.929085135423776
2001-03-06,-5.661959356739442,-29.771482685914084,8.936944882552224,19.544323453455778
2001-03-07,-5.975255975401435,-29.031680034592213,9.049186709504726,18.768312120957535
2001-03-08,-8.167935084644691,-29.473573909290042,7.318392375875221,19.032565201304752
2001-03-09,-8.855412287775,-29.95376112398149,7.946919697806384,19.199426324990075
2001-03-10,-10.031856102519582,-29.968739517114816,9.897375623167827,19.415654285006774
2001-03-11,-9.941883433475299,-29.799981492366477,9.54486577345275,19.309383819025783
2001-03-12,-10.515306788061222,-28.974310275498645,10.147269100114256,19.938218797768165
2001-03-13,-11.324873127091546,-30.058055437926733,10.050587731603285,19.91641415653287
2001-03-14,-11.117373467105889,-31.311185711503253,9.914778469575454,21.595477633886716
2001-03-15,-11.472128980976525,-32.521140479483144,10.230209758139551,21.14289531054663
2001-03-16,-12.912708710483392,-34.066039974083644,11.231624981168183,20.649751541952675
2001-03-17,-11.296949079469645,-32.902564737529865,10.151488820795366,19.849919808071192
2001-03-18,-10.432574786500876,-32.93911287855046,8.824189957016012,21.062724149757596
2001-03-19,-10.871478247368428,-32.347281675436754,9.609965862530029,20.595451876249474
2001-03-20,-10.91320265456908,-33.73292725009715,9.534221700488233,21.339560067209735
2001-03-21,-11.491920814274051,-32.98004953046744,9.313464698027627,22.1892862117365
2001-03-22,-11.108500919723388,-31.890760176872707,9.260615862001844,21.343550252356675
2001-03-23,-11.277478192598421,-32.81045403683363,5.841820430037178,19.674489960576143
2001-03-24,-10.31175506529344,-33.80540436206237,6.5706129055660005,18.56673002766379
2001-03-25,-11.592617132134468,-33.70774241658235,6.145982122366734,20.197575085090023
2001-03-26,-13.106788037724677,-33.858047232388465,6.3195865568736185,18.65242395834229
2001-03-27,-15.430402317165255,-34.29666218717866,8.731451614294023,18.920396682525357
2001-03-28,-14.575667317913384,-34.40106145939669,9.530549903882669,18.628069079795303
2001-03-29,-14.56177829046439,-36.263049603491275,9.967292709690591,19.87597521815473
2001-03-30,-14.849185952502602,-35.41094418937391,9.257937376494558,21.206602416374746
2001-03-31,-15.29694130992155,-35.07777417268119,9.551122509667772,21.54806160986021
2001-04-01,-16.615971515536714,-33.417931863059486,10.420667171099126,21.599622800029323
2001-04-02,-15.861145564010874,-32.66050004338481,11.180050963176148,21.426295147787346
2001-04-03,-15.783574753702325,-32.44045271682535,10.887579892674617,20.260125479173613
2001-04-04,-15.662969298526306,-32.181719117892385,10.04092826394818,19.048156754482786
2001-04-05,-15.970406022030838,-31.649070576265583,9.79222198203366,20.60250794049264
2001-04-06,-17.458618795614633,-31.752735772557692,9.184385684376565,20.20264106728948
2001-04-07,-17.17558490544234,-32.53622953333838,10.578366647593391,20.071950414628155
2001-04-08,-16.708816750584376,-32.15133571580557,10.828263496163606,19.81028917594656
2001-04-09,-16.106314223165896,-31.587284569823545,10.850747337438593,18.015562823264883
2001-04-10,-16.788588470203734,-30.73378446874637,10.297019000213307,19.057653739255677
2001-04-11,-16.499231288633624,-28.372342673139848,10.133410037059537,17.885121934569298
2001-04-12,-18.089159435511156,-29.039807692992056,10.416662245299014,18.167644016272423
2001-04-13,-17.574262281753132,-29.3680913272346,12.08084460437318,17.165067282320074
2001-04-14,-17.34203339499137,-29.724171012878344,12.208689973379109,16.128288148861035
2001-04-15,-18.502182999807086,-29.80839305583055,13.309434188995432,14.823739112792559
2001-04-16,-18.298539223497393,-27.414147163190787,14.602611015881745,15.569354058683958
2001-04-17,-18.32370009527548,-27.762335567106327,17.018942534824294,15.663090687545798
2001-04-18,-18.268175883109947,-28.91476642217373,16.6281921496093,15.691953903228157
2001-04-19,-18.970179196688893,-29.455535511541083,17.139586566096753,18.499549611000926
2001-04-20,-17.291806318108456,-31.006407919629087,16.63656386118028,17.985265577874443
2001-04-21,-17.528461469893006,-30.269984529456128,15.507390482210056,17.216893732527854
2001-04-22,-17.444687626836195,-31.497554107316546,15.580326272352272,18.32284828057669
2001-04-23,-17.34726051337254,-30.608473727198923,17.031699353505765,17.126756788692404
2001-04-24,-18.02569358497793,-31.597550055150492,16.737477099800078,17.054914512486555
2001-04-25,-17.162448757292648,-30.215164563368692,17.253085857675746,18.508964612047855
2001-04-26,-18.28465283281505,-29.61722509704054,16.861388018572274,18.62489655197203
2001-04-27,-18.31982840084844,-28.611022668758878,18.575102910073543,18.883961629151578
2001-04-28,-18.618533022491057,-31.85835818208798,16.899373707782097,17.929569810887518
2001-04-29,-16.638322016325088,-32.242560047251246,15.25497058864246,17.117165296873914
2001-04-30,-18.398120269612036,-31.891671493665683,17.136475785706363,17.35805235754784
2001-05-01,-18.152242869746033,-31.30329824063772,17.196778047654885,17.573022606952392
2001-05-02,-17.71562212238953,-31.523622571665094,16.416147306002554,16.771515381392703
2001-05-03,-17.60290319180013,-31.36045980782662,16.302168565885793,18.689491730597574
2001-05-04,-18.15359099812325,-32.797542800557345,15.859173557805466,18.640257581040828
2001-05-05,-17.53423699938667,-33.203835282140574,13.193060643645136,18.951030062825488
2001-05-06,-18.161149791103632,-32.67425777812596,13.62593204790239,19.036080737265262
2001-05-07,-17.672595962601008,-31.397178040026848,14.19637697630639,16.16415185601852
2001-05-08,-17.524257376879376,-32.0157146756656,13.997500164656392,17.4525220852209
2001-05-09,-17.448737656572014,-30.399073081089803,13.803337104359874,18.63584794509289
2001-05-10,-17.482474514905253,-30.87004930370378,13.342033455019735,16.3535841610353
2001-05-11,-17.510828379975045,-30.919464215582217,13.375157078789558,16.662134749360646
2001-05-12,-19.003635045696125,-31.452580019732526,13.895503129082293,16.245013177688723
2001-05-13,-17.936695728852435,-32.61534107270375,14.163050046604168,17.529910735262558
2001-05-14,-18.265589519908,-34.31017703312985,16.130201169686256,18.47382240217415
2001-05-15,-17.53051310679621,-34.50455013721944,15.908306640476294,18.44572306180449
2001-05-16,-18.32406341366963,-35.79491491933735,15.10109584049911,18.029761379822546
2001-05-17,-18.749010286226493,-35.79253278708052,14.66214259438851,17.547526068116483
2001-05-18,-18.966405133239277,-36.400136916107456,15.105669394609038,17.77171375723361
2001-05-19,-19.66665725199635,-35.84784013411932,15.768350356158372,18.92471206357608
2001-05-20,-19.961068449957786,-35.47185321975549,16.602937384993332,19.044453822161035
2001-05-21,-20.965012494841453,-34.831901928353346,16.540876343928925,18.665615259689094
2001-05-22,-19.339956614326766,-35.139244316576104,17.327811520088105,18.567272804574955
2001-05-23,-19.70607350849547,-35.28966531312934,17.074924745766705,17.38939206034255
2001-05-24,-20.18502942756459,-34.47049070248272,16.96301315335504,18.14658496197415
2001-05-25,-19.78484430009386,-33.66222483860395,17.232931130876246,18.75790527484774
2001-05-26,-20.429775825720757,-35.00063259839254,17.92012720229989,18.60557803312228
2001-05-27,-21.799533207142012,-35.8364591055514,17.836049265625853,17.995535415257702
2001-05-28,-21.433894491739817,-35.3844030067643,17.881766951902343,18.992327883011033
2001-05-29,-22.3426049092278,-33.42874802590402,18.043885423936853,18.524442627201502
2001-05-30,-20.781506019663816,-33.9720796196157,16.8273168383285,17.22048652388499
2001-05-31,-20.01377216135663,-32.822492142204936,15.475251713311316,17.949195398563102
2001-06-01,-21.09062919935665,-32.095112342058954,16.58438874912884,18.339117976512405
2001-06-02,-22.32816527782416,-31.719895673085585,14.38679944554892,18.065138230312034
2001-06-03,-23.001996545082367,-30.96622581010819,14.15311629462177,18.599793644799725
2001-06-04,-23.3843012129452,-30.114393729240327,13.679683168028694,17.648090353056286
2001-06-05,-25.489313499323274,-29.48290154987694,14.194053906779088,18.452783877060828
2001-06-06,-25.720181091225122,-29.047358773244945,13.73254446628054,19.220813170509448
2001-06-07,-27.295709996520603,-28.141033788714452,14.473671945799301,18.76474545089954
2001-06-08,-26.494303494223047,-27.80939107008121,14.406655840642452,19.240911953196946
2001-06-09,-25.79507305783647,-30.05548982846817,15.34973923188851,17.936441603306367
2001-06-10,-25.000681957686506,-29.33977369150358,15.554208651872935,19.307269122788885
2001-06-11,-22.137433019867963,-30.383654828142536,16.856830697197754,18.73699028551127
2001-06-12,-22.732064375122267,-30.331052032180786,17.618365201187366,20.836181955794352
2001-06-13,-23.563471260693966,-30.201863721612185,17.856607904355748,20.544403831622468
2001-06-14,-24.392755304672793,-29.670606898461223,18.154113232907115,21.003783824554965
2001-06-15,-23.175473997972436,-31.06191597493857,16.829509132584747,20.391732779439895
2001-06-16,-20.493368342724864,-31.883886118685297,16.159710023101855,21.134429872735353
2001-06-17,-20.193499837543566,-32.65921870558932,15.385614455928826,20.654471817205636
2001-06-18,-19.626737466299584,-33.844881925871675,14.806680137682694,21.04992900864747
2001-06-19,-20.19786516639646,-33.48926605068028,16.430461083545605,20.825617679339885
2001-06-20,-20.51709581616696,-34.13206728020872,14.948749818684151,22.491460440831315
2001-06-21,-21.467932093192406,-34.314508649165376,17.724348529333742,22.403306628170565
2001-06-22,-20.492057198024913,-34.036910415879596,17.02236280511202,21.967470501265034
2001-06-23,-20.566879194569132,-34.177317323653114,16.07530982313109,22.80164119685427
2001-06-24,-22.294493218621216,-35.09130026566683,16.143614593889595,22.968799042298908
2001-06-25,-22.0708031435605,-36.83662958445984,15.448758433566736,23.06589836152734
2001-06-26,-22.79396585738994,-35.90109487387161,16.307918932066524,21.543238318741036
2001-06-27,-21.516103118832742,-36.1803572055981,15.730182954335653,21.725611664136
2001-06-28,-21.638831587745432,-35.39044595144427,17.98855244580713,21.062850041161887
2001-06-29,-21.618582715270293,-35.68564354120761,18.946108484328843,19.92489244574412
2001-06-30,-20.775299796476986,-35.69590606754281,18.092779481218045,21.860792471392894
2001-07-01,-20.4120533731483,-35.75127080655356,17.952382291609066,22.317218568145062
2001-07-02,-20.153882893981255,-33.941517323125694,17.148053582956713,23.714951697398654
2001-07-03,-20.702309594690984,-34.23251942670762,18.601012914626594,24.886228423925964
2001-07-04,-20.529834034672138,-34.61741267167795,18.12929055636202,24.72493692765166
2001-07-05,-19.91746841809123,-34.18577419518609,19.38131239101265,24.21691816569347
2001-07-06,-20.946100730468896,-35.093474936218925,19.736823380183655,22.69998134369031
2001-07-07,-22.570390704334066,-34.42077762069397,18.574539106331343,22.576674786566905
2001-07-08,-21.848215477144937,-32.555396725579435,18.114726653345386,22.106454335974487
2001-07-09,-21.804629336309368,-35.17799929064611,17.339068486348083,22.937178980289758
2001-07-10,-22.450460477360906,-34.997184483978735,16.890028257827478,23.247304559114333
2001-07-11,-23.186449145612944,-34.149222568992634,16.244181872999988,21.628356238819606
2001-07-12,-22.75735664583775,-34.73897962368738,16.2268741022144,22.296055388044724
2001-07-13,-22.717264732114874,-35.56043805397755,16.750280190579062,23.01142483574645
2001-07-14,-23.962684467651012,-34.78379239698328,15.066355018720376,21.935649141375333
2001-07-15,-24.777663911772567,-34.065700826138986,13.935542891565309,20.879887986015245
2001-07-16,-24.53074948213713,-33.02141336217458,15.762384907755028,22.131127789267964
2001-07-17,-23.804318603701812,-34.07547281187229,15.066805927903324,22.093033465853186
2001-07-18,-23.988252712737673,-33.12393728754737,14.602760716069657,21.443392047972523
2001-07-19,-24.711239612893607,-32.4211903216243,15.072787799782557,20.126228138603878
2001-07-20,-24.973069678947702,-31.62759891616318,13.747489748891983,20.77387968609855
2001-07-21,-24.249319970902967,-33.456128896809034,13.813494285492268,21.141791323196244
2001-07-22,-24.245084035696923,-33.695570741996825,13.421089227428102,21.42216578284849
2001-07-23,-25.89636935444097,-33.54446506531944,14.46417187547124,22.84978224039932
2001-07-24,-25.74755754260978,-34.005876407294124,15.411546997129738,23.57658858233112
2001-07-25,-27.02195225905559,-33.32145624815977,15.602025605657934,22.51542860848726
2001-07-26,-26.19760461181071,-34.749008332768454,15.80503357429721,23.23408149791423
2001-07-27,-24.500343462884025,-33.118625514916175,14.862299710481265,21.931856795825933
2001-07-28,-25.397447266286008,-33.40172119454551,14.676473266901404,20.1721564897262
2001-07-29,-27.89525535553194,-34.608508159739955,14.932507345821387,19.5895043346188
2001-07-30,-27.593533368738534,-35.14877103313732,16.07118315378002,20.819060206066766
2001-07-31,-26.236011428184607,-34.029039212880896,15.540784696048767,22.14614492228702
2001-08-01,-27.1269918485303,-33.43366106076463,14.920640151354108,23.61402386860874
2001-08-02,-28.234852706768503,-32.819385058398495,15.390844018583877,24.465963134879306
2001-08-03,-28.33858228321276,-31.516083228553168,14.932845768109956,24.18327372278913
2001-08-04,-27.61161236863177,-31.76693359829266,15.823700140303764,23.349392906553497
2001-08-05,-29.29919122395236,-30.278485261458144,14.469034404351573,23.259586167475334
2001-08-06,-28.370839277687878,-30.473771481245034,14.556178629333544,21.161575421948513
2001-08-07,-27.503415056989315,-31.290173732907373,14.401849777599015,22.164637063131465
2001-08-08,-27.422420876542677,-29.820175579033098,14.546949656930977,22.925450217236367
2001-08-09,-25.975696823192376,-28.679100225819674,14.453226185970331,22.95140660314646
2001-08-10,-24.80325566843265,-29.30466528595934,13.744088500894646,20.51310749520858
2001-08-11,-27.739640025226148,-26.75790238159847,15.209087061415257,19.291229317683605
2001-08-12,-27.658629630658023,-27.034434079747076,15.447883708816155,19.832400713286287
2001-08-13,-27.509394459875093,-26.719828058481617,14.616465390647958,21.47642522694209
2001-08-14,-27.66834980489532,-26.88821657736099,15.74080404874273,21.615826960728196
2001-08-15,-29.714983308676228,-26.961762034949544,16.44188534976025,22.286832352934393
2001-08-16,-28.895824524255463,-28.73582048570183,15.87794965152287,22.188077029529644
2001-08-17,-29.80654273281201,-28.675081976557514,13.85940157511927,21.99786457591784
2001-08-18,-30.96049876817593,-27.903741762302037,13.82147411141599,21.014606037681848
2001-08-19,-31.434174953662883,-27.724825296677,14.431081283977482,21.5670862649028
2001-08-20,-33.413135990515336,-26.2052485230869,13.586121002027008,21.95266383655426
2001-08-21,-34.58070386177502,-25.550898416081022,14.018988518027806,21.4671007703981
2001-08-22,-34.77312190078858,-24.27390775373368,13.317303252061915,22.56731236343019
2001-08-23,-34.61879981431702,-23.166632247759843,12.180530198043256,22.70615968193083
2001-08-24,-35.74256665710712,-24.78445788134857,13.119700194668795,21.82021246141
2001-08-25,-35.53405275597177,-25.245612087144934,12.805803727723875,21.643344545562577
2001-08-26,-35.58469665735032,-23.035440158689376,12.50397067747908,21.418715955967855
2001-08-27,-35.29481054700466,-25.564957678087076,12.548732657154291,20.188671953582517
2001-08-28,-35.04459057407433,-26.54006909689493,13.057992116592574,20.655932142273063
2001-08-29,-34.32766580465455,-25.490324814614084,12.367056256724888,21.780121348652596
2001-08-30,-34.05127120622388,-23.53766959468077,11.350994377984595,21.43270865965977
2001-08-31,-34.53234955722735,-21.464500255307975,12.689254200999294,21.060517044131583
2001-09-01,-33.4236586375074,-21.854192469449085,12.576754578350572,21.701106281735775
2001-09-02,-31.38086523800404,-22.914130922857005,12.397020052471579,22.857458438995234
2001-09-03,-30.244027439835634,-24.600433912837968,12.699866392328166,23.447003894950978
2001-09-04,-31.085219823228282,-26.10721019545809,12.910291701561542,24.068607158085207
2001-09-05,-30.575400832320714,-24.64486394424573,13.713071137505422,22.994731432931182
2001-09-06,-29.879329355249588,-24.081122295853778,13.768689934085145,23.27881596059145
2001-09-07,-29.069843409766946,-24.097971625216168,14.787910895784963,23.044129343671074
2001-09-08,-27.96654606312186,-25.352831343838567,15.997813243696353,21.834486000549596
2001-09-09,-28.00304986778998,-24.905073616697003,14.881870390581058,21.40008288038221
2001-09-10,-27.365720113492067,-24.544059144194946,15.283215061060556,22.16409256849601
2001-09-11,-26.769968895040705,-25.11172887118718,15.0880989960301,21.88929233496271
2001-09-12,-26.390579761664426,-25.018237495293544,14.198400969258406,20.36214388551117
2001-09-13,-26.157443180753372,-23.71029335454104,13.67220451027907,20.657349609354224
2001-09-14,-26.77949817201076,-25.044980029318236,13.92474119841126,19.704924173933637
2001-09-15,-26.32198949978926,-24.550534524213525,14.610668445754266,19.61251318757808
2001-09-16,-27.24198295134853,-25.339365216485138,15.402711481840177,19.545635578782182
2001-09-17,-26.577805188824392,-25.22617210970271,13.56988900378369,18.8668120572713
2001-09-18,-26.43170505194947,-25.53094562775353,14.260715715007304,19.648007783648016
2001-09-19,-27.59301480594298,-24.80084666832245,14.743645970276118,19.680106233986475
2001-09-20,-28.468695377222087,-26.753565109770392,15.827685928256276,18.785043084317664
2001-09-21,-26.558871688008903,-26.106773118088753,16.48225567519498,17.880605763316932
2001-09-22,-25.51964662253655,-27.02282551886744,15.836937952813285,16.97654820188408
2001-09-23,-25.13579498966859,-25.867221591781323,15.327549650109233,16.6218948473513
2001-09-24,-24.654713242246757,-26.8155538786844,15.715105662594118,16.215066520132787
2001-09-25,-25.130057862008176,-26.255203400850288,17.433857160007236,16.19590211956333
2001-09-26,-25.157762729726272,-26.02495057193549,17.23444671204912,16.036479358524474
2001-09-27,-26.107069346013503,-24.60725510188373,18.34320427887116,15.83123326823043
2001-09-28,-27.115283603450827,-27.156403185827838,18.812107906763032,15.417649443615177
2001-09-29,-27.570963673844833,-28.723245908304733,19.089789742612393,14.839422386488113
2001-09-30,-29.205823167338814,-29.493620459876276,19.14426333743152,14.778787359786913
2001-10-01,-28.43909538560504,-28.811959768025872,21.176450861184858,13.779941531884493
2001-10-02,-27.7073119687574,-29.29080673261415,21.562515780833724,13.837415981343195
2001-10-03,-27.423665767192773,-29.88086665577351,23.549071166788465,13.601731529333081
2001-10-04,-28.630227383323316,-30.46227088275854,23.380751681237015,11.877252826587704
2001-10-05,-28.52000997893745,-30.84559313519355,22.704045424232984,11.486545478581656
2001-10-06,-28.12362335401781,-29.966263780646525,23.050679056788496,10.217073913186606
2001-10-07,-28.25755677808449,-30.21310153231335,23.937017822642975,10.054577123446519
2001-10-08,-26.578432934018508,-30.309757330488967,23.58886868751968,10.663536985584873
2001-10-09,-26.902087735315362,-29.450936193059842,25.246587229288604,11.46619389347369
2001-10-10,-26.26205914213967,-28.89886076685218,24.96589374952723,11.075005238609224
2001-10-11,-27.973823684201346,-28.435007175146776,25.402779210170607,10.028833785341687
2001-10-12,-27.719488521809236,-29.031396676457057,24.255124279743168,10.778482039976257
2001-10-13,-26.68281869507285,-29.109716463884062,25.4013441666198,11.156367789676635
2001-10-14,-27.621894970116003,-27.59502689703764,25.557763064417642,11.84350644609734
2001-10-15,-27.832105503012087,-26.264685150954787,24.74423052438311,12.861118247152357
2001-10-16,-26.814560660525196,-26.859782731349057,25.159789702822422,13.41663961797726
2001-10-17,-28.285522523343378,-28.36640530074869,25.828721955224495,13.42144269901877
2001-10-18,-29.97593676521009,-28.366679528440393,25.429929697562493,12.863414296852568
2001-10-19,-30.528705200090105,-29.074846873598002,25.249434094657616,11.769696276273784
2001-10-20,-31.139415438346596,-29.950625860047385,25.353522882869623,11.688606745452638
2001-10-21,-32.46394156218981,-28.666523335313613,24.773653539865435,11.94023182834096
2001-10-22,-32.75751722089106,-30.168538837631093,24.711827544962365,12.941171769686575
2001-10-23,-29.73472976562869,-30.642699317222327,24.535146212796704,13.006505189396622
2001-10-24,-29.44561188363743,-29.509301352363934,24.711739289846495,13.124906322252784
2001-10-25,-28.87337038812573,-28.870484626292672,25.521891315579214,13.20495657314755
2001-10-26,-30.442623067183483,-27.673332071507584,24.392777419719263,13.657852632367458
2001-10-27,-31.437685409812858,-26.940502685698828,24.063497287965223,13.240705058335527
2001-10-28,-31.756059316438748,-29.11061385263528,22.94657648917959,13.799896036507084
2001-10-29,-32.99873798339528,-29.953725526584467,23.424383656276422,13.034644267033126
2001-10-30,-34.098164230890944,-28.169610643383123,25.624673687085995,12.170210279491277
2001-10-31,-33.06793784138748,-29.54398566034364,27.35593222107913,11.490006016659585
2001-11-01,-32.4944837773604,-28.90987132421941,26.40930550905174,11.73932300518718
2001-11-02,-31.369816266427573,-30.39775726488938,25.036574544918665,11.963320078558116
2001-11-03,-32.01525700917432,-30.541636270261137,26.38237406824675,12.536983138255327
2001-11-04,-31.96044373915266,-30.311848557896127,25.076080769595833,12.823994842100285
2001-11-05,-31.42300401628365,-29.49084352791809,27.061491601567027,13.750066675322005
2001-11-06,-32.281677699565755,-29.9059839614696,28.038761203525315,14.410319005490722
2001-11-07,-32.24357581158743,-30.070719573307844,28.509131652658787,13.187546177896854
2001-11-08,-33.25769027568991,-29.675992079085578,29.04768691071723,14.368201476192343
2001-11-09,-32.505190275799436,-28.928965295914526,29.77448692547055,16.233341120292184
2001-11-10,-32.30512462801946,-28.55977742982989,29.841743208587662,17.55581282969001
2001-11-11,-33.47395859151438,-27.849288397111927,30.543813162626783,17.11164672035903
2001-11-12,-32.63813937360577,-28.834765691788498,29.689784112743165,17.626152424985612
2001-11-13,-33.16576927395666,-27.915432408856002,29.59800913286832,18.482464466522917
2001-11-14,-32.83920405924955,-28.226238659818165,29.930344634290098,17.959104534972695
2001-11-15,-34.259435675873625,-28.600032917901117,31.337609806344574,18.4617318276581
2001-11-16,-34.71424712799883,-28.855624847027748,31.832428288784826,20.01965599850194
2001-11-17,-34.39422868157645,-30.337251583132186,31.518676088664016,20.240193199521975
2001-11-18,-33.90703576000647,-30.356079425555706,32.00744912698674,20.10775383009191
2001-11-19,-34.617433317802494,-29.41943545675838,29.89493482097011,21.264903599559965
2001-11-20,-32.724305767033016,-30.454154694559243,31.19611920517083,21.417105780753037
2001-11-21,-32.17608097691248,-29.969395399375042,30.70615184899263,23.3549984176399
2001-11-22,-34.04436958718152,-30.33376566006379,30.887746949084065,23.532701195479714
2001-11-23,-34.66629490049118,-30.981270551293367,31.202568025367956,23.81282684971626
2001-11-24,-36.35403406947599,-30.515940917413705,31.972073932573366,25.95554115218839
2001-11-25,-36.73135375529636,-29.706122546047673,33.37413025200897,27.162260204390392
2001-11-26,-35.828817127353666,-31.640922227351616,33.33977421457231,26.353028728760467
2001-11-27,-35.949565256434305,-31.59872568434654,31.622959907452316,26.598807028596546
2001-11-28,-37.5947738907738,-32.317455253612934,31.264899968337186,25.317686177773837
2001-11-29,-36.702513554197395,-32.79874495474595,32.604822258354226,24.557593223896383
2001-11-30,-35.695768596784276,-32.60500516026662,31.25969369273635,22.922349144161995
2001-12-01,-34.734359620772985,-32.23343725235654,30.677606626311427,23.126644141035467
2001-12-02,-34.82958172793169,-31.91941302895569,29.197361919565324,22.44488810063258
2001-12-03,-34.66971383099449,-32.7586393724998,29.375028990044473,23.165128646688483
2001-12-04,-35.389065424560144,-34.31167686757653,30.649308110713786,23.58229235498867
2001-12-05,-35.330282619050465,-34.29396670621301,31.746687278626187,24.20665275060042
2001-12-06,-34.17194749035306,-33.510938637058516,32.64507139988343,24.82159976901402
2001-12-07,-32.80074136482592,-34.20123111246764,32.7186590663876,24.065671078028778
2001-12-08,-31.081053639740347,-32.20134781075711,30.34660021295623,24.95000535596594
2001-12-09,-31.5955709780816,-32.03635253941966,31.080635384675254,24.885946509890562
2001-12-10,-33.46040478017781,-32.47751965777557,33.53216453657161,25.76553985796076
2001-12-11,-33.06793454457982,-31.079810593596026,33.276189583971934,24.986555213076862
2001-12-12,-33.23043409520614,-31.17504256609433,33.52525857878934,25.926932043652158
2001-12-13,-34.0109057318208,-29.971114597604878,33.40176473066388,26.576397888375805
2001-12-14,-34.287694050224815,-29.65982722199227,34.831488250176,26.694994349071855
2001-12-15,-36.46223423362437,-29.152722658866644,34.17589821548191,26.727157766557923
2001-12-16,-35.834445906400255,-29.192179959187488,35.81712013624217,26.970910133956004
2001-12-17,-35.503619611391024,-30.01965498552549,35.67098810833836,25.866718521573798
2001-12-18,-36.68859861561566,-30.098861744075002,37.67072105246433,23.865786357080275
2001-12-19,-37.05563881635645,-27.998048229106665,36.041140773415215,25.305429156357928
2001-12-20,-38.2782798484542,-28.918426214264052,36.5727169457417,25.155695685685917
2001-12-21,-37.04155727616203,-29.062342342327515,33.812939480240196,24.711035352636856
2001-12-22,-36.01587836801717,-28.98115941871696,34.20070020230484,25.06858290175267
2001-12-23,-36.69624746636539,-28.180796093735562,33.81661369522885,24.72614575878947
2001-12-24,-38.73249409297865,-27.625171331023676,34.33886314216118,23.47116576016559
2001-12-25,-38.481895567918535,-28.608777077018946,35.69211321189437,23.851617497324252
2001-12-26,-38.402610442722235,-28.30758240978538,36.349900231129205,22.808819425405243
2001-12-27,-39.65857228933507,-27.86564484684246,36.48489757446377,20.696384500593666
2001-12-28,-40.24708914947382,-26.945438833648197,36.659275926402934,20.085668411738748
2001-12-29,-41.915839231366874,-24.716136495282143,37.2259101847137,20.644247502634975
2001-12-30,-42.29462195715865,-25.143540333009284,38.402894105703425,20.167008928289047
2001-12-31,-41.291305548114224,-25.494208851986826,37.37333852739963,20.59678898257265
2002-01-01,-41.99163496754902,-24.803111209621587,36.75023675074065,19.013474865601125
2002-01-02,-43.25000074972388,-25.092584495020393,38.16159047921458,17.98120830325532
2002-01-03,-42.640468337566155,-26.44115445346335,38.86316342651036,17.745188901001963
2002-01-04,-44.22115535759186,-27.686780302498292,38.74566778612142,17.361848316045872
2002-01-05,-46.58173774619926,-29.408709940659485,39.06814433732969,18.95194701585588
2002-01-06,-46.435580362656395,-30.902367049883782,37.483770427332445,18.571349799850022
2002-01-07,-47.76876401185596,-29.466095542354076,36.077992508086965,19.37811258988545
2002-01-08,-47.60311550896582,-29.990925179532606,38.21999611606343,17.00300057259664
2002-01-09,-48.845826456780465,-30.431405818359583,36.616863796609174,17.816199502614634
2002-01-10,-50.41573243288465,-31.607340194650906,36.397346312899735,18.350259726144973
2002-01-11,-49.21733050615884,-30.877368448788985,37.956277980529855,18.583667035438083
2002-01-12,-49.693498573153306,-31.205358797752176,37.33011325312582,18.410534628177505
2002-01-13,-49.59583469914449,-30.35021984733328,38.3935234558023,18.70258633559443
2002-01-14,-48.49525384479559,-31.103148467539327,37.870969309561346,19.199107040128
2002-01-15,-49.43258736470075,-29.344403653852883,39.00636032747458,18.74525296423824
2002-01-16,-50.29286491462679,-28.806393285998112,40.99953272049277,20.199364751660127
2002-01-17,-50.55490681275311,-30.36344170067471,40.720154232994496,19.73222198588268
2002-01-18,-50.745022014721876,-31.474628932447384,40.38912911456473,18.448948892009536
2002-01-19,-49.62895002818835,-30.988549390133095,41.967032351747086,19.109031466636143
2002-01-20,-51.61455611798793,-29.60268614401887,40.27913997453069,19.527628266998523
2002-01-21,-51.988285304033774,-29.731776443993873,40.198153802687976,18.553553295332627
2002-01-22,-51.13620053529921,-29.829227704636228,39.50528925606229,16.757390742069074
2002-01-23,-50.78664616060176,-31.281012602373096,39.475024593191065,15.99631598918662
2002-01-24,-51.154876861981855,-31.601080914870064,40.98605157331041,15.39083879438907
2002-01-25,-50.02443032294801,-31.656749228339027,41.26767558701399,16.072132921653058
2002-01-26,-49.66252922028111,-31.054823233185957,40.579495345757316,14.115305426159251
2002-01-27,-51.409058550271794,-32.373701538476084,40.95889826016149,14.013635696851138
2002-01-28,-50.64198889172233,-34.38851872785189,41.37616114986175,13.60490859999623
2002-01-29,-51.22918197251084,-33.607681473936324,40.62401409370462,13.35500715114398
2002-01-30,-51.57561874576047,-34.73148894448328,39.18540185933117,12.513012037737726
2002-01-31,-50.89487584475849,-35.09806028946681,40.34269176201225,14.419862949873174
2002-02-01,-51.8175451032071,-33.9479424305695,39.62117970786104,14.358619599174983
2002-02-02,-49.41877957775351,-33.74117446774049,38.83986233076141,15.403041265802607
2002-02-03,-47.04253670783872,-33.28989925468956,39.410022909905706,15.209146043820068
2002-02-04,-47.82678501063731,-32.195678271649136,39.703516741558715,15.539911426387812
2002-02-05,-48.213398124295516,-31.36726531669209,38.7154455669374,16.384178535377078
2002-02-06,-47.256261475501496,-31.121097299770916,37.93613842685351,18.247271083191315
2002-02-07,-47.63392446896479,-31.829333770369498,38.792584416442764,18.172782673196835
2002-02-08,-48.22227152302519,-32.0759170323193,39.32726063263075,16.87082629361407
2002-02-09,-48.69481925175261,-31.24778644064202,39.214908580934754,16.089254973253063
2002-02-10,-48.500270299611415,-32.93587541940717,39.06943419744946,16.834009952459933
2002-02-11,-49.44384703377815,-32.967564136064745,38.97660438430374,15.989663989173058
2002-02-12,-48.634469028585904,-32.759324072953284,39.03372947667544,14.823809267006261
2002-02-13,-48.729551822944295,-32.270923100153084,39.41256957830593,14.89746995134423
2002-02-14,-48.240053015467595,-32.269171003720814,41.54311052665396,14.661296650175863
2002-02-15,-47.81468782553687,-32.80971422409278,43.156447869646406,15.665193298750618
2002-02-16,-48.072775873072636,-32.48652986660236,44.69259364697055,15.435677188883068
2002-02-17,-47.515595034063026,-31.475066519895336,45.36193180376659,15.476154861833558
2002-02-18,-46.108956796553706,-30.593751693319604,44.28138698988644,14.766558082992157
2002-02-19,-47.069739832154504,-30.405615684159148,43.68451137688774,15.611300024924308
2002-02-20,-47.151140743379095,-29.625616292063516,43.10674702192512,15.772502785769092
2002-02-21,-47.519661443755254,-28.936022246272042,42.79461103230929,15.628531079389985
2002-02-22,-47.002779638124835,-28.122563923737818,43.24002356328044,15.290440322457343
2002-02-23,-46.15350833352854,-28.86592968543528,43.71158059282466,16.184186211289706
2002-02-24,-47.03154740738292,-26.5692983722272,45.08284734705246,14.942676350646945
2002-02-25,-47.5393487608078,-27.119517003706104,45.40943201315532,17.053826756109455
2002-02-26,-45.281231537158526,-26.77174679045059,45.39276733888677,15.87422037304743
2002-02-27,-46.478164048958426,-26.3627755802579,44.39168174932154,15.020080869878797
2002-02-28,-46.66560400915093,-25.603545771743814,43.30521401315582,15.681014671800515
2002-03-01,-46.47784830792466,-25.247536326856473,42.63917621282951,15.33079596551639
2002-03-02,-46.82276015518836,-24.368337770147118,43.34627262789654,14.755596703647043
2002-03-03,-46.260935757546676,-23.976495183106067,45.08880399762277,14.293240894525924
2002-03-04,-46.57055163365622,-22.241559495510188,45.81906297992492,14.10843484788163
2002-03-05,-46.596118393614944,-21.939994380809452,45.625661425058055,13.895448917057816
2002-03-06,-46.258957260554396,-22.74788212752083,46.79536129849674,12.782305701124308
2002-03-07,-47.173665773769024,-20.976257403620124,48.21396293086275,11.19170805230188
2002-03-08,-47.010720040078844,-22.3632821197108,47.78597012635077,9.897910045316065
2002-03-09,-46.41263434576135,-22.649945526814324,47.28309228412704,11.132678215864967
2002-03-10,-46.773115742347485,-22.47113242659012,48.361001581399,11.64081975327552
2002-03-11,-46.45331885871896,-24.409618958461174,50.01402743275433,11.397621222898765
2002-03-12,-46.06743462586386,-24.47188899823357,49.70522470784272,11.98225073803556
2002-03-13,-47.022875799699285,-25.75953193196968,48.38003555508373,11.152158934770933
2002-03-14,-45.49856623445357,-27.478560395285594,48.29872883888047,10.937389720156341
2002-03-15,-45.349154386539254,-28.541458905715906,49.340021749221876,11.751977270822048
2002-03-16,-46.58783176196885,-28.241144374599028,49.20579156023927,13.92509814267006
2002-03-17,-45.32412372910031,-28.481881551147055,49.59057229582628,15.085807586947912
2002-03-18,-44.1846182270532,-28.01990488931562,49.182926925070085,14.045324136220547
2002-03-19,-43.844460443173915,-27.456307308385167,48.171368670901096,14.594937439333101
2002-03-20,-43.86527051558,-26.33811163750981,47.446597305775626,14.762164214007598
2002-03-21,-44.08488643382258,-25.994739016603212,46.55898397407761,15.4158727030663
2002-03-22,-43.62049616850598,-24.509360087422003,46.69358511858509,17.79421419168339
2002-03-23,-42.31906655225577,-26.02189382888993,46.15628233715852,16.880801809167078
2002-03-24,-43.444925361783135,-25.88043805408791,45.409144189333176,17.603173468373374
2002-03-25,-42.89821862015201,-26.581301286999775,45.19627503418287,16.155396623551326
2002-03-26,-42.307762653442275,-25.736033311495202,46.519847397017,16.119220522340076
2002-03-27,-43.58431458346909,-28.11881171245075,45.57526882914046,14.211839282305817
2002-03-28,-42.368795610459436,-29.58499137357667,46.14395986470176,14.792827716049544
2002-03-29,-43.11844595534382,-29.3405724675515,47.14794699662223,15.1858123639839
2002-03-30,-42.97625110836769,-28.29475261713394,44.65528422275832,14.268553894638352
2002-03-31,-41.869383798083874,-28.72989196803382,44.36207136293052,14.668648819824993
2002-04-01,-43.62235506227319,-28.829200171664738,42.20580367828902,15.69064673217734
2002-04-02,-43.55832493073999,-29.843504102786962,42.901307995930026,15.284414579483421
2002-04-03,-43.31339851871771,-29.576916479831418,43.198425542312314,15.43046082981776
2002-04-04,-43.919375104712344,-28.241793842731536,43.77703519671023,15.841614682454228
2002-04-05,-44.6526560484182,-29.546248737271497,42.950537654490105,15.833153988473027
2002-04-06,-43.950128205453616,-30.89445729416169,43.577329584877646,16.7073795831785
2002-04-07,-42.830826214406606,-32.4382530921038,43.41911040133581,15.903509395217139
2002-04-08,-42.322061181369655,-33.75111570276304,44.90238397346468,17.30076894892004
2002-04-09,-43.16325294772624,-34.75700010656051,45.25267783499278,17.45742072909411
2002-04-10,-41.779140173817495,-34.752522169521306,46.968925560807826,19.4591143092016
2002-04-11,-41.64995247245831,-34.487878918411454,46.14292015317948,19.758397915530054
2002-04-12,-39.82981647592491,-34.81528676205504,46.25580964003861,19.460671424542515
2002-04-13,-37.316470557786054,-33.29823613700453,47.17041691230045,19.59048246895864
2002-04-14,-36.40598364972677,-34.389510438623475,45.92061147539634,19.346173744316
2002-04-15,-36.2161067916311,-34.122024715214515,45.48792434856126,17.543701576227555
2002-04-16,-35.80413530194345,-34.83936681744615,46.54288676587339,16.56841779056108
2002-04-17,-35.885788254843234,-34.08624694115541,45.93856078271399,17.35827516309732
2002-04-18,-34.806672210637835,-35.56423961206919,45.24964033592208,17.685511868929602
2002-04-19,-34.89832740521506,-35.388512027302866,44.56519983731791,16.810574354328025
2002-04-20,-33.65092982360272,-34.663443717850626,42.82635163336428,15.608412097919345
2002-04-21,-34.663366484135686,-35.285232026933386,43.194139650012225,15.03283550387246
2002-04-22,-35.17777612579384,-36.122554692633386,42.51942951580724,14.241275003581581
2002-04-23,-36.05249333662157,-34.71236159162522,42.866882454587675,15.153670248699148
2002-04-24,-35.19683015262132,-36.304772856642856,42.04999799817013,14.796014115906388
2002-04-25,-36.594497527754356,-35.471777558908,42.63644912250859,15.218544476250852
2002-04-26,-37.76169309208812,-34.520010857277775,42.19688265440136,14.994460295770113
2002-04-27,-38.054029581120595,-34.596283739081976,42.12215940359746,15.652704129124908
2002-04-28,-38.06896098990582,-35.29363550249912,41.53711829246039,16.229373986656377
2002-04-29,-37.43404924167207,-35.96875848218997,40.625186551056736,16.65060584370795
2002-04-30,-37.155203847256104,-34.7134067501354,38.84133252333247,17.62940312616812
2002-05-01,-38.213288720698024,-33.30097157612122,38.01256538778884,18.382322498991332
2002-05-02,-37.71022687865815,-33.44578784852045,40.67505783704312,20.113815915159996
2002-05-03,-37.899149003594715,-34.07165938002676,38.77941884063107,19.332604786022266
2002-05-04,-38.815907372346985,-32.96006441983668,39.289478708607945,20.530602487988105
2002-05-05,-39.246190029793674,-31.841976738059728,40.580547035012735,20.073044348166434
2002-05-06,-39.389696473720605,-31.246869019316843,38.055327540900606,20.210864339212893
2002-05-07,-40.92993535812449,-32.317491654899335,37.593753179961304,20.44786709098573
2002-05-08,-40.56257057553036,-32.78217516273012,36.9941797080857,20.765729534424803
2002-05-09,-39.26863283269761,-32.78922456503373,37.760401508578596,19.078774452643984
2002-05-10,-41.378609213939846,-33.363435861286916,37.82709849132642,19.98188472311108
2002-05-11,-42.26469430922656,-33.297102849052074,36.98003397811491,19.4049659131196
2002-05-12,-42.22259175447838,-34.248755803978064,37.21433802283252,20.808099348886746
2002-05-13,-43.11134391927062,-33.106196173684815,36.91945188622252,20.774820128137463
2002-05-14,-42.333737806226964,-34.18580631327331,36.70124835882035,20.410725193586835
2002-05-15,-40.11779636492447,-36.06749070921806,38.020095424398285,20.627236171357687
2002-05-16,-41.07004138653496,-35.424996470051774,37.04202938490464,20.10811442764776
2002-05-17,-41.823000457770085,-35.02943758214374,38.732269034882016,20.950242852722447
2002-05-18,-41.95110693805019,-35.32948375077992,37.57670321062496,21.849631085930962
2002-05-19,-41.6261288380859,-34.18654362353645,36.29590065632784,21.77840602260523
2002-05-20,-40.867347737846714,-34.89835808708128,35.996368657173115,21.52468126122865
2002-05-21,-40.62782239066867,-33.61531326295434,35.3933292520308,21.282434538182425
2002-05-22,-40.29750519935405,-32.58213546647639,34.99686302121207,21.89742321915333
2002-05-23,-42.04138688455229,-32.40025373362066,35.223824557653465,22.74980088669
2002-05-24,-42.9488816818893,-32.902051010016365,37.09907332376003,22.040435799826017
2002-05-25,-41.76817745226799,-33.965128632866744,37.1827775429222,22.245103747967278
2002-05-26,-41.022757053150315,-34.02419016259542,35.6399345151431,23.084831666146016
2002-05-27,-41.71584968806238,-33.395569734665564,34.285480380194514,24.115552155515818
2002-05-28,-40.45383883318457,-35.0914510617075,34.66323450106047,25.267409845108272
2002-05-29,-37.46554037266236,-33.23923025645193,34.48198759823205,26.328607860232285
2002-05-30,-38.142335139224194,-33.86606699380796,34.567417297063294,26.0554128527283
2002-05-31,-38.77617714412301,-35.164873035515804,36.241804065663636,26.326726564163312
2002-06-01,-39.82371499234265,-34.43076354468879,36.33919154165709,25.22292961476957
2002-06-02,-40.356165056734035,-33.44672594047574,38.60576299880153,25.742481757846566
2002-06-03,-38.9685670752054,-36.47035466445956,38.4489337189081,24.914616776309032
2002-06-04,-40.12359963792607,-35.065215349221155,39.453152246555604,26.080519086192425
2002-06-05,-41.21791882051403,-34.64290279758994,39.46520369117316,26.614609854440083
2002-06-06,-40.5751400281895,-33.81029476782153,41.06580882500578,25.520487603486675
2002-06-07,-41.015844458456876,-32.87233991402974,41.27307403064789,25.508950110723962
2002-06-08,-40.920483772739466,-34.03962329609748,40.823140302220835,24.92227401983977
2002-06-09,-40.353160503807196,-33.305421515909224,41.67677771258078,23.308966163452016
2002-06-10,-41.79071417260552,-34.478918391422624,42.46321980265481,23.188497276552134
2002-06-11,-42.676421895364015,-35.14728337310871,43.09738204418308,22.922766079098622
2002-06-12,-43.08421055821777,-34.822955529035895,41.47110452416415,23.905409596942498
2002-06-13,-44.23344274870259,-34.62065534640625,42.15443456673256,24.04971874809255
2002-06-14,-44.96844757379319,-35.39280708433827,45.29546971681638,22.935369234633168
2002-06-15,-45.39438366706783,-35.11496615481732,47.44017211996075,21.39187792812269
2002-06-16,-45.05403137993865,-33.088106185979846,48.79691597280527,20.242161520639474
2002-06-17,-43.602579660627526,-32.49343196791406,48.798732562063115,20.772271232337353
2002-06-18,-43.58635851910667,-32.91329055616596,48.480708212022925,20.20922160795451
2002-06-19,-42.52882121796033,-32.31842968965654,45.9865037678111,22.42174775515464
2002-06-20,-43.2959447459446,-31.317063419025366,47.33475580967784,22.432017752200508
2002-06-21,-45.90401578026263,-30.174564852224904,46.042540408043344,21.7085494516078
2002-06-22,-45.720139791926044,-29.073570975939287,47.451238954281166,20.443667234266442
2002-06-23,-45.003000880129804,-30.3073012157399,46.488652097295244,20.530244178247905
2002-06-24,-45.598016448264126,-29.458304684507276,45.482434195410846,20.28990522607706
2002-06-25,-46.09562431813418,-29.10871104001494,46.460549622820835,21.095625714930822
2002-06-26,-45.66036005823482,-29.508241253520943,46.9790509568571,21.910287069208387
2002-06-27,-43.688307252703446,-29.152635334056292,48.36766375931091,20.074996328094507
2002-06-28,-43.696857826570465,-29.52840625284485,48.3195817852294,21.323759078026672
2002-06-29,-43.04414213219523,-30.866905782211198,49.428388290847,22.595575850717932
2002-06-30,-42.228826842143754,-30.340375419186508,47.606966374704655,21.99120299737708
2002-07-01,-40.4960048458321,-29.086648618846393,48.16365633785403,22.85939511672769
2002-07-02,-40.447043345633006,-27.97920689843513,50.326499421351116,22.784141640498834
2002-07-03,-40.77549767774234,-29.026919519440586,50.18987560163328,22.628040330245863
2002-07-04,-40.312303523569,-28.316896496210497,49.696522360195246,23.355257760273144
2002-07-05,-40.98254673630115,-28.134876298601004,48.4065011574383,23.654083716964177
2002-07-06,-40.87810144831506,-27.92081843822695,48.76083104224651,24.18395231255405
2002-07-07,-41.55211597622319,-26.117269691438324,50.29874186817544,22.31552847216487
2002-07-08,-40.55190819108637,-24.75083463796991,51.727297971728284,24.58842041555265
2002-07-09,-39.57788149373402,-27.603256329167152,53.55132059038618,22.272435469073315
2002-07-10,-38.50772697287965,-26.921443490835024,54.41990529311223,23.423095366374074
2002-07-11,-37.48097852071609,-26.78009123122004,51.92052177802336,21.858145098066
2002-07-12,-37.12173110776285,-28.610782750397725,52.43068213230296,20.025006905709205
2002-07-13,-38.55951809413393,-28.537550004761783,53.93372444504054,18.273691556087133
2002-07-14,-39.63651159504468,-27.388505681291846,53.7569457487473,18.335309903755235
2002-07-15,-37.45713774574734,-27.97535319871525,54.686233773985556,18.858717906516564
2002-07-16,-38.21696747786187,-28.912421335779147,52.82662088055606,19.317221628516997
2002-07-17,-37.91637749600223,-27.489859921840488,54.305752632792625,19.98624004002126
2002-07-18,-38.218936762077924,-26.966922128132996,55.60047033025173,21.45561465555321
2002-07-19,-40.13525996909217,-25.41676495835398,56.019680246017145,22.50187043819105
2002-07-20,-39.814566172491915,-23.572240394873425,56.793734588456054,21.759942541283774
2002-07-21,-41.10253618482081,-23.065223082764856,56.41625729725,22.635073206784966
2002-07-22,-40.750988620553024,-24.33476352854437,55.03205151039134,22.25998722679585
2002-07-23,-39.976523721892576,-23.631704499736166,56.19538398869471,21.573270997383055
2002-07-24,-40.73440328455462,-23.912929526154723,55.898661884325236,20.83170876499121
2002-07-25,-39.55986836739736,-24.89637097018555,55.41377923351158,20.73298384477613
2002-07-26,-39.55244646871419,-25.38299005145882,54.2571329433505,19.304243291755853
2002-07-27,-39.59955887059782,-26.007320936992574,54.631652702590124,18.334130138518194
2002-07-28,-40.593288788611915,-26.733726523828118,54.58558035143233,18.30544718717578
2002-07-29,-40.70654228612223,-27.570145267443472,56.50763043780163,18.188563545332737
2002-07-30,-39.45192482828538,-26.49124166569329,56.35175157684006,17.00110457139098
2002-07-31,-37.263626126608116,-23.24451892487451,54.72074021630002,14.227089920816093
2002-08-01,-36.439221977719825,-23.540769412815454,56.412159401542915,15.211516368910877
2002-08-02,-37.84032984987314,-23.58749459000388,55.65965139463103,15.446984963976984
2002-08-03,-37.92071923873655,-23.390958682660134,56.77040045335305,13.426386231858135
2002-08-04,-37.585652400586376,-23.59580826959262,56.33150913090019,12.826264489346865
2002-08-05,-37.70727391643768,-25.346683556642102,57.13155835831259,12.706399947854619
2002-08-06,-37.81227834233848,-26.845791657950265,56.29264652495286,12.70037367350994
2002-08-07,-37.924439080954855,-25.081568995335083,57.621668323918236,11.251716398884227
2002-08-08,-38.842194848293346,-26.24290630670022,57.68152495934549,10.929641134133574
2002-08-09,-39.19911446016346,-26.68579753219694,59.12507050579015,11.286529849679907
2002-08-10,-40.41264237757976,-27.46443107310285,58.48461603016333,11.831762090459362
2002-08-11,-39.71166632621959,-28.439279839616844,58.41057019949329,11.936675199522242
2002-08-12,-39.79154257779487,-28.84950931406408,57.92502211558873,11.64867736667952
2002-08-13,-39.34275281763304,-29.516374117167153,58.74048282797983,11.030066058075485
2002-08-14,-39.178443101762525,-30.54212106533022,58.27822911689203,11.22040346705364
2002-08-15,-39.05114777008277,-31.83488369687807,58.33156771621698,11.526644961312002
2002-08-16,-40.632435253297864,-31.03396460953152,58.05198437914282,9.792797750426631
2002-08-17,-41.32868823041471,-29.83622143865534,58.40284769772095,9.255876524192503
2002-08-18,-43.10797648868422,-29.111054900171027,58.491285704943024,9.666671722192557
2002-08-19,-43.42536350013704,-28.98093396865484,56.29515499466014,10.99639931287764
2002-08-20,-43.45414903367288,-28.491707674595872,56.968811750280324,11.715709475736787
2002-08-21,-43.23227679021364,-27.03080170604421,58.27939658462338,12.127867075459982
2002-08-22,-43.26984508813373,-26.85819418639617,56.171863004415236,11.10341164681399
2002-08-23,-44.12458111224345,-25.580680773639326,56.17701734310395,9.497727141013899
2002-08-24,-44.61084057889213,-26.230432150251804,56.20409754036779,8.714810846944193
2002-08-25,-44.71442127145201,-26.50837383818087,57.001484153157605,8.237159235879028
2002-08-26,-44.4127734329245,-25.741945768581644,57.20538459600094,9.166398937157014
2002-08-27,-45.29487070906582,-27.117106924595326,57.08926072992888,9.8388258080892
2002-08-28,-45.44882010820987,-27.954137442691138,57.45217816540481,9.767474419628666
2002-08-29,-45.10381947303476,-27.140640761308106,57.70918865413684,8.575237933959503
2002-08-30,-43.91725618821843,-26.786560826917874,59.39731566251379,9.221211087268944
2002-08-31,-43.864628747019154,-26.557655943079638,58.3954927948672,10.149082249140665
2002-09-01,-44.818995698120645,-25.991976996147763,57.915550462092654,9.837441498709161
2002-09-02,-45.8028486387187,-25.645677123752872,57.72897086976439,8.845601483826366
2002-09-03,-45.95382805262157,-24.909975769065056,60.68924143324029,6.7076065237874225
2002-09-04,-45.293926666898905,-24.371617339898357,60.932024793985434,6.3096912582177795
2002-09-05,-44.33559671104494,-25.11213187963081,61.35062863639237,6.641253761137752
2002-09-06,-46.191630634420235,-26.090549648157477,62.24345397177657,7.043221293469538
2002-09-07,-47.381207144509595,-25.10476886259977,62.56449801038542,5.4408429609223985
2002-09-08,-47.295136190712604,-25.813587292432956,62.82700224972046,4.429775342610604
2002-09-09,-46.15993506950367,-25.89547084863123,62.07750145156259,3.912757693877167
2002-09-10,-47.937911497278954,-26.93216434186123,61.91836182359269,3.4697883245041083
2002-09-11,-48.5779378637906,-26.877690273425145,59.73851549857767,4.157564373648544
2002-09-12,-47.74766652087039,-26.15343758380286,60.451179331845154,3.853939299591554
2002-09-13,-46.63668235154573,-26.558484097270735,61.31785873294349,3.86756918168063
2002-09-14,-45.77510475616751,-24.112134249301832,60.38205772792714,4.23021957521334
2002-09-15,-46.28501676134583,-25.11268827893542,60.835719930527176,3.9913151599655587
2002-09-16,-44.798020285330686,-26.473863918040838,62.1962762430066,5.3398888996034755
2002-09-17,-45.33185734972272,-26.220792188982585,61.76311938029458,5.061590327218189
2002-09-18,-44.65910101635648,-25.236601563305197,61.721791481390134,5.7718911190928655
2002-09-19,-46.88325538096967,-23.754818857490857,62.32172362778685,6.506738648016372
2002-09-20,-46.78832537721624,-24.7476194157761,61.86305072681729,6.379225757197025
2002-09-21,-45.80699323371232,-22.23114467627022,62.15427806911778,5.355283888478185
2002-09-22,-44.36241584854951,-22.455845375266588,62.28131986203702,4.4022476693054005
2002-09-23,-44.37109946489545,-22.811273802695972,61.57090079315526,2.564510797900256
2002-09-24,-43.45154812767877,-23.835596189338684,62.57373900088844,1.8539208877449496
2002-09-25,-44.01150815128621,-22.83268569804218,62.18904793425404,2.53011484916118
2002-09-26,-44.595334392677266,-23.840122395663393,64.28870498107354,2.6538799658984016
